市区町村コード,市区町村名,人口数_人
01100,札幌市,1955678
01202,函館市,236515
01203,小樽市,104432
01204,旭川市,316183
01205,室蘭市,74855
01206,釧路市,154271
01207,帯広市,160810
01208,北見市,110046
01209,夕張市,6107
01210,岩見沢市,74204
01211,網走市,32199
01212,留萌市,18169
01213,苫小牧市,165590
01214,稚内市,30336
01215,美唄市,18427
01216,芦別市,11243
01217,江別市,118055
01218,赤平市,8464
01219,紋別市,19760
01220,士別市,16440
01221,名寄市,24742
01222,三笠市,7268
01223,根室市,22468
01224,千歳市,97355
01225,滝川市,36515
01226,砂川市,15231
01227,歌志内市,2584
01228,深川市,18329
01229,富良野市,19624
01230,登別市,43615
01231,恵庭市,70446
01233,伊達市,31208
01234,北広島市,56495
01235,石狩市,57143
01236,北斗市,42810
01303,当別町,15113
01304,新篠津村,2730
01331,松前町,5818
01332,福島町,3378
01333,知内町,3783
01334,木古内町,3528
01337,七飯町,27139
01343,鹿部町,3508
01345,森町,13582
01346,八雲町,14514
01347,長万部町,4696
01361,江差町,6607
01362,上ノ国町,4133
01363,厚沢部町,3269
01364,乙部町,3107
01367,奥尻町,2138
01370,今金町,4444
01371,せたな町,6730
01391,島牧村,1246
01392,寿都町,2629
01393,黒松内町,2446
01394,蘭越町,4501
01395,ニセコ町,5551
01396,真狩村,1938
01397,留寿都村,2018
01398,喜茂別町,1928
01399,京極町,2776
01400,倶知安町,17120
01401,共和町,5364
01402,岩内町,10913
01403,泊村,1420
01404,神恵内村,740
01405,積丹町,1702
01406,古平町,2589
01407,仁木町,3051
01408,余市町,16954
01409,赤井川村,1492
01423,南幌町,7933
01424,奈井江町,4704
01425,上砂川町,2360
01427,由仁町,4527
01428,長沼町,9937
01429,栗山町,10653
01430,月形町,2732
01431,浦臼町,1577
01432,新十津川町,6229
01433,妹背牛町,2565
01434,秩父別町,2182
01436,雨竜町,2044
01437,北竜町,1593
01438,沼田町,2798
01452,鷹栖町,6463
01453,東神楽町,9775
01454,当麻町,6054
01455,比布町,3425
01456,愛別町,2418
01457,上川町,3085
01458,東川町,8673
01459,美瑛町,9283
01460,上富良野町,9706
01461,中富良野町,4486
01462,南富良野町,2236
01463,占冠村,1590
01464,和寒町,2807
01465,剣淵町,2728
01468,下川町,2836
01469,美深町,3681
01470,音威子府村,601
01471,中川町,1269
01472,幌加内町,1222
01481,増毛町,3620
01482,小平町,2664
01483,苫前町,2666
01484,羽幌町,5945
01485,初山別村,1005
01486,遠別町,2258
01487,天塩町,2642
01511,猿払村,2589
01512,浜頓別町,3221
01513,中頓別町,1472
01514,枝幸町,7199
01516,豊富町,3515
01517,礼文町,2183
01518,利尻町,1830
01519,利尻富士町,2151
01520,幌延町,2042
01543,美幌町,17329
01544,津別町,3970
01545,斜里町,10513
01546,清里町,3622
01547,小清水町,4342
01549,訓子府町,4448
01550,置戸町,2543
01552,佐呂間町,4646
01555,遠軽町,17646
01559,湧別町,7901
01560,滝上町,2208
01561,興部町,3495
01562,西興部村,956
01563,雄武町,4033
01564,大空町,6441
01571,豊浦町,3491
01575,壮瞥町,2313
01578,白老町,15095
01581,厚真町,4227
01584,洞爺湖町,7906
01585,安平町,7214
01586,むかわ町,7221
01601,日高町,10904
01602,平取町,4435
01604,新冠町,5011
01607,浦河町,11231
01608,様似町,3777
01609,えりも町,4060
01610,新ひだか町,20229
01631,音更町,42683
01632,士幌町,5690
01633,上士幌町,4758
01634,鹿追町,4928
01635,新得町,5503
01636,清水町,8755
01637,芽室町,17773
01638,中札内村,3823
01639,更別村,3084
01641,大樹町,5266
01642,広尾町,5880
01643,幕別町,25269
01644,池田町,5906
01645,豊頃町,2878
01646,本別町,6046
01647,足寄町,5952
01648,陸別町,2120
01649,浦幌町,4108
01661,釧路町,18380
01662,厚岸町,8195
01663,浜中町,5246
01664,標茶町,6836
01665,弟子屈町,6432
01667,鶴居村,2432
01668,白糠町,7003
01691,別海町,13964
01692,中標津町,22257
01693,標津町,4798
01694,羅臼町,4267
02201,青森市,263512
02202,弘前市,159488
02203,八戸市,215080
02204,黒石市,30428
02205,五所川原市,49811
02206,十和田市,57361
02207,三沢市,37380
02208,むつ市,51606
02209,つがる市,28806
02210,平川市,29353
02301,平内町,9730
02303,今別町,2096
02304,蓬田村,2434
02307,外ヶ浜町,4996
02321,鰺ヶ沢町,8505
02323,深浦町,6803
02343,西目屋村,1210
02361,藤崎町,14300
02362,大鰐町,8231
02367,田舎館村,7239
02381,板柳町,12198
02384,鶴田町,11540
02387,中泊町,9417
02401,野辺地町,11855
02402,七戸町,14014
02405,六戸町,10551
02406,横浜町,4048
02408,東北町,16005
02411,六ヶ所村,9628
02412,おいらせ町,25182
02423,大間町,4649
02424,東通村,5553
02425,風間浦村,1554
02426,佐井村,1628
02441,三戸町,8767
02442,五戸町,15285
02443,田子町,4718
02445,南部町,16185
02446,階上町,12562
02450,新郷村,2059
03201,盛岡市,277423
03202,宮古市,45632
03203,大船渡市,32059
03205,花巻市,89867
03206,北上市,91090
03207,久慈市,31216
03208,遠野市,23930
03209,一関市,105505
03210,陸前高田市,17226
03211,釜石市,28934
03213,二戸市,24157
03214,八幡平市,23179
03215,奥州市,107798
03216,滝沢市,54413
03301,雫石町,14995
03302,葛巻町,5293
03303,岩手町,11542
03321,紫波町,32684
03322,矢巾町,26160
03366,西和賀町,4659
03381,金ケ崎町,15119
03402,平泉町,6734
03441,住田町,4681
03461,大槌町,10492
03482,山田町,13854
03483,岩泉町,7843
03484,田野畑村,2888
03485,普代村,2293
03501,軽米町,7907
03503,野田村,3901
03506,九戸村,5084
03507,洋野町,14739
03524,一戸町,10603
04100,仙台市,1064142
04202,石巻市,132447
04203,塩竈市,51726
04205,気仙沼市,56300
04206,白石市,30569
04207,名取市,79792
04208,角田市,26469
04209,多賀城市,61628
04211,岩沼市,43137
04212,登米市,71919
04213,栗原市,60518
04214,東松島市,37875
04215,大崎市,122035
04216,富谷市,52452
04301,蔵王町,10916
04302,七ヶ宿町,1213
04321,大河原町,23297
04322,村田町,9816
04323,柴田町,36331
04324,川崎町,7938
04341,丸森町,11571
04361,亘理町,32825
04362,山元町,11427
04401,松島町,12885
04404,七ヶ浜町,17553
04406,利府町,35863
04421,大和町,27861
04422,大郷町,7480
04424,大衡村,5539
04444,色麻町,6103
04445,加美町,20970
04501,涌谷町,14249
04505,美里町,22826
04581,女川町,5810
04606,南三陸町,11498
05201,秋田市,293729
05202,能代市,47247
05203,横手市,80777
05204,大館市,65492
05206,男鹿市,23355
05207,湯沢市,39484
05209,鹿角市,27069
05210,由利本荘市,70409
05211,潟上市,31271
05212,大仙市,73794
05213,北秋田市,27834
05214,にかほ市,22075
05215,仙北市,22859
05303,小坂町,4421
05327,上小阿仁村,1869
05346,藤里町,2746
05348,三種町,14170
05349,八峰町,6086
05361,五城目町,7814
05363,八郎潟町,5176
05366,井川町,4157
05368,大潟村,2945
05434,美郷町,17444
05463,羽後町,13036
05464,東成瀬村,2334
06201,山形市,236164
06202,米沢市,74629
06203,鶴岡市,116731
06204,酒田市,93924
06205,新庄市,32362
06206,寒河江市,39417
06207,上山市,27584
06208,村山市,21299
06209,長井市,24420
06210,天童市,60204
06211,東根市,47631
06212,尾花沢市,13529
06213,南陽市,29070
06301,山辺町,13344
06302,中山町,10455
06321,河北町,16809
06322,西川町,4536
06323,朝日町,5782
06324,大江町,7062
06341,大石田町,5979
06361,金山町,4691
06362,最上町,7358
06363,舟形町,4662
06364,真室川町,6481
06365,大蔵村,2760
06366,鮭川村,3659
06367,戸沢村,3850
06381,高畠町,21306
06382,川西町,13385
06401,小国町,6537
06402,白鷹町,12222
06403,飯豊町,6203
06426,三川町,7009
06428,庄内町,19144
06461,遊佐町,12157
07201,福島市,264652
07202,会津若松市,110841
07203,郡山市,312433
07204,いわき市,303171
07205,白河市,57085
07207,須賀川市,72918
07208,喜多方市,43519
07209,相馬市,32261
07210,二本松市,50358
07211,田村市,32982
07212,南相馬市,55774
07213,伊達市,55997
07214,本宮市,29712
07301,桑折町,10951
07303,国見町,8095
07308,川俣町,11412
07322,大玉村,8817
07342,鏡石町,12356
07344,天栄村,5171
07362,下郷町,4792
07364,檜枝岐村,484
07367,只見町,3690
07368,南会津町,13349
07402,北塩原村,2394
07405,西会津町,5408
07407,磐梯町,3151
07408,猪苗代町,12552
07421,会津坂下町,14217
07422,湯川村,2980
07423,柳津町,2841
07444,三島町,1327
07445,金山町,1749
07446,昭和村,1085
07447,会津美里町,18117
07461,西郷村,20616
07464,泉崎村,6092
07465,中島村,4732
07466,矢吹町,16807
07481,棚倉町,12789
07482,矢祭町,5145
07483,塙町,7821
07484,鮫川村,2846
07501,石川町,13654
07502,玉川村,6050
07503,平田村,5352
07504,浅川町,5782
07505,古殿町,4517
07521,三春町,16080
07522,小野町,8864
07541,広野町,4531
07542,楢葉町,6409
07543,富岡町,11316
07544,川内村,2233
07545,大熊町,9944
07546,双葉町,5294
07547,浪江町,14632
07548,葛尾村,1216
07561,新地町,7445
07564,飯舘村,4506
08201,水戸市,267467
08202,日立市,163855
08203,土浦市,141571
08204,古河市,139812
08205,石岡市,69937
08207,結城市,49528
08208,龍ケ崎市,74917
08210,下妻市,42071
08211,常総市,60596
08212,常陸太田市,46390
08214,高萩市,25769
08215,北茨城市,40014
08216,笠間市,72567
08217,取手市,105872
08219,牛久市,83820
08220,つくば市,259000
08221,ひたちなか市,154647
08222,鹿嶋市,65217
08223,潮来市,26088
08224,守谷市,70900
08225,常陸大宮市,37861
08226,那珂市,53167
08227,筑西市,99804
08228,坂東市,52143
08229,稲敷市,37012
08230,かすみがうら市,39893
08231,桜川市,37635
08232,神栖市,93786
08233,行方市,31505
08234,鉾田市,46537
08235,つくばみらい市,53503
08236,小美玉市,48482
08302,茨城町,30523
08309,大洗町,15461
08310,城里町,17708
08341,東海村,38151
08364,大子町,14516
08442,美浦村,14156
08443,阿見町,49643
08447,河内町,7791
08521,八千代町,21082
08542,五霞町,7933
08546,境町,24769
08564,利根町,15498
09201,宇都宮市,514595
09202,足利市,140055
09203,栃木市,153088
09204,佐野市,112988
09205,鹿沼市,92895
09206,日光市,75281
09208,小山市,166874
09209,真岡市,78284
09210,大田原市,68053
09211,矢板市,30117
09213,那須塩原市,115611
09214,さくら市,43760
09215,那須烏山市,23482
09216,下野市,59728
09301,上三川町,30748
09342,益子町,21360
09343,茂木町,11408
09344,市貝町,11073
09345,芳賀町,15377
09361,壬生町,38140
09364,野木町,24869
09384,塩谷町,9796
09386,高根沢町,28770
09407,那須町,23697
09411,那珂川町,14124
10201,前橋市,329120
10202,高崎市,365972
10203,桐生市,101185
10204,伊勢崎市,212084
10205,太田市,223075
10206,沼田市,43532
10207,館林市,73667
10208,渋川市,72090
10209,藤岡市,61551
10210,富岡市,45172
10211,安中市,53790
10212,みどり市,48470
10344,榛東村,14634
10345,吉岡町,22643
10366,上野村,1011
10367,神流町,1511
10382,下仁田町,6133
10383,南牧村,1427
10384,甘楽町,12368
10421,中之条町,14326
10424,長野原町,5082
10425,嬬恋村,9073
10426,草津町,6055
10428,高山村,3260
10429,東吾妻町,12061
10443,片品村,3928
10444,川場村,2973
10448,昭和村,6938
10449,みなかみ町,16954
10464,玉村町,35620
10521,板倉町,13461
10522,明和町,10751
10523,千代田町,10848
10524,大泉町,41653
10525,邑楽町,25558
11100,さいたま市,1350500
11201,川越市,352805
11202,熊谷市,190927
11203,川口市,607447
11206,行田市,77854
11207,秩父市,57212
11208,所沢市,342520
11209,飯能市,77963
11210,加須市,112018
11211,本庄市,76783
11212,東松山市,91256
11214,春日部市,229656
11215,狭山市,148221
11216,羽生市,53696
11217,鴻巣市,117564
11218,深谷市,140809
11219,上尾市,230066
11221,草加市,251992
11222,越谷市,342327
11223,蕨市,76342
11224,戸田市,142070
11225,入間市,143412
11227,朝霞市,145938
11228,志木市,76153
11229,和光市,84890
11230,新座市,166412
11231,桶川市,74172
11232,久喜市,150976
11233,北本市,65274
11234,八潮市,93655
11235,富士見市,113404
11237,三郷市,142152
11238,蓮田市,61111
11239,坂戸市,99632
11240,幸手市,48801
11241,鶴ヶ島市,69836
11242,日高市,54192
11243,吉川市,72396
11245,ふじみ野市,114559
11246,白岡市,52404
11301,伊奈町,45042
11324,三芳町,37377
11326,毛呂山町,32043
11327,越生町,10757
11341,滑川町,19757
11342,嵐山町,17328
11343,小川町,27448
11346,川島町,18671
11347,吉見町,17620
11348,鳩山町,12782
11349,ときがわ町,10220
11361,横瀬町,7601
11362,皆野町,8878
11363,長瀞町,6367
11365,小鹿野町,10061
11369,東秩父村,2406
11381,美里町,10685
11383,神川町,12759
11385,上里町,30530
11408,寄居町,31675
11442,宮代町,33471
11464,杉戸町,43562
11465,松伏町,27857
12100,千葉市,983896
12202,銚子市,53986
12203,市川市,494720
12204,船橋市,649393
12205,館山市,43554
12206,木更津市,136843
12207,松戸市,500395
12208,野田市,153538
12210,茂原市,85861
12211,成田市,133099
12212,佐倉市,169506
12213,東金市,56524
12215,旭市,61986
12216,習志野市,175105
12217,柏市,437634
12218,勝浦市,15213
12219,市原市,266861
12220,流山市,212562
12221,八千代市,206692
12222,我孫子市,131317
12223,鴨川市,30209
12224,鎌ケ谷市,109757
12225,君津市,79520
12226,富津市,40427
12227,浦安市,171322
12228,四街道市,96424
12229,袖ケ浦市,66091
12230,八街市,66631
12231,印西市,111731
12232,白井市,62218
12233,富里市,49999
12234,南房総市,34066
12235,匝瑳市,33294
12236,香取市,69575
12237,山武市,47745
12238,いすみ市,34705
12239,大網白里市,47660
12322,酒々井町,20095
12329,栄町,19624
12342,神崎町,5634
12347,多古町,13426
12349,東庄町,12607
12403,九十九里町,14004
12409,芝山町,6644
12410,横芝光町,22095
12421,一宮町,12294
12422,睦沢町,6549
12423,長生村,13269
12424,白子町,10376
12426,長柄町,6233
12427,長南町,7074
12441,大多喜町,8005
12443,御宿町,6912
12463,鋸南町,6679
13101,千代田区,68835
13102,中央区,187404
13103,港区,267780
13104,新宿区,352717
13105,文京区,235345
13106,台東区,216084
13107,墨田区,287302
13108,江東区,541685
13109,品川区,412786
13110,目黒区,281400
13111,大田区,740519
13112,世田谷区,923210
13113,渋谷区,231402
13114,中野区,341322
13115,杉並区,577147
13116,豊島区,294644
13117,北区,362089
13118,荒川区,222278
13119,板橋区,578914
13120,練馬区,745927
13121,足立区,698276
13122,葛飾区,469916
13123,江戸川区,693570
13201,八王子市,559083
13202,立川市,186257
13203,武蔵野市,148034
13204,三鷹市,190497
13205,青梅市,129105
13206,府中市,260998
13207,昭島市,115632
13208,調布市,239348
13209,町田市,430170
13210,小金井市,125174
13211,小平市,196799
13212,日野市,188477
13213,東村山市,151795
13214,国分寺市,129500
13215,国立市,76079
13218,福生市,56582
13219,狛江市,82048
13220,東大和市,84996
13221,清瀬市,75011
13222,東久留米市,116325
13223,武蔵村山市,70696
13224,多摩市,148084
13225,稲城市,93916
13227,羽村市,54126
13228,あきる野市,79244
13229,西東京市,206245
13303,瑞穂町,32013
13305,日の出町,16061
13307,檜原村,1923
13308,奥多摩町,4492
13361,大島町,6813
13362,利島村,300
13363,新島村,2415
13364,神津島村,1737
13381,三宅村,2211
13382,御蔵島村,302
13401,八丈町,6838
13402,青ヶ島村,160
13421,小笠原村,2496
14100,横浜市,3753398
14130,川崎市,1535141
14150,相模原市,716494
14201,横須賀市,379041
14203,平塚市,256549
14204,鎌倉市,174535
14205,藤沢市,445041
14206,小田原市,186464
14207,茅ヶ崎市,247345
14208,逗子市,57827
14210,三浦市,39842
14211,秦野市,158573
14212,厚木市,223424
14213,大和市,245750
14214,伊勢原市,99816
14215,海老名市,140763
14216,座間市,131219
14217,南足柄市,40164
14218,綾瀬市,83952
14301,葉山町,31813
14321,寒川町,48997
14341,大磯町,31757
14342,二宮町,27415
14361,中井町,8901
14362,大井町,17426
14363,松田町,10419
14364,山北町,9263
14366,開成町,18566
14382,箱根町,10835
14383,真鶴町,6553
14384,湯河原町,23183
14401,愛川町,39377
14402,清川村,2716
15100,新潟市,761503
15202,長岡市,255261
15204,三条市,91178
15205,柏崎市,76217
15206,新発田市,91677
15208,小千谷市,32602
15209,加茂市,24079
15210,十日町市,47124
15211,見附市,38061
15212,村上市,53492
15213,燕市,75935
15216,糸魚川市,38041
15217,妙高市,29514
15218,五泉市,45690
15222,上越市,180440
15223,阿賀野市,39165
15224,佐渡市,48103
15225,魚沼市,32522
15226,南魚沼市,52376
15227,胎内市,26791
15307,聖籠町,13986
15342,弥彦村,7534
15361,田上町,10581
15385,阿賀町,9047
15405,出雲崎町,3886
15461,湯沢町,8268
15482,津南町,8456
15504,刈羽村,4222
15581,関川村,4691
15586,粟島浦村,312
16201,富山市,403757
16202,高岡市,162672
16204,魚津市,38617
16205,氷見市,42167
16206,滑川市,32489
16207,黒部市,39155
16208,砺波市,46674
16209,小矢部市,27857
16210,南砺市,46071
16211,射水市,90184
16321,舟橋村,3313
16322,上市町,18657
16323,立山町,24294
16342,入善町,22256
16343,朝日町,10373
17201,金沢市,443123
17202,七尾市,46500
17203,小松市,105475
17204,輪島市,20928
17205,珠洲市,11374
17206,加賀市,61703
17207,羽咋市,19585
17209,かほく市,36200
17210,白山市,112524
17211,能美市,49704
17212,野々市市,54583
17324,川北町,6041
17361,津幡町,37521
17365,内灘町,25662
17384,志賀町,17609
17386,宝達志水町,11822
17407,中能登町,16529
17461,穴水町,6907
17463,能登町,14331
18201,福井市,254029
18202,敦賀市,62382
18204,小浜市,27644
18205,大野市,29821
18206,勝山市,21056
18207,鯖江市,68302
18208,あわら市,26306
18209,越前市,80418
18210,坂井市,88430
18322,永平寺町,17644
18382,池田町,2186
18404,南越前町,9448
18423,越前町,19769
18442,美浜町,8676
18481,高浜町,9544
18483,おおい町,7681
18501,若狭町,13354
19201,甲府市,183850
19202,富士吉田市,46364
19204,都留市,28509
19205,山梨市,32710
19206,大月市,21314
19207,韮崎市,27798
19208,南アルプス市,71726
19209,北杜市,45380
19210,甲斐市,76370
19211,笛吹市,66857
19212,上野原市,21208
19213,甲州市,29079
19214,中央市,30597
19346,市川三郷町,14434
19364,早川町,859
19365,身延町,9677
19366,南部町,6765
19368,富士川町,13926
19384,昭和町,21387
19422,道志村,1509
19423,西桂町,3888
19424,忍野村,9737
19425,山中湖村,5822
19429,鳴沢村,3058
19430,富士河口湖町,27115
19442,小菅村,616
19443,丹波山村,501
20201,長野市,362609
20202,松本市,234111
20203,上田市,151540
20204,岡谷市,46469
20205,飯田市,94944
20206,諏訪市,47559
20207,須坂市,49149
20208,小諸市,41248
20209,伊那市,64901
20210,駒ヶ根市,31325
20211,中野市,42162
20212,大町市,25301
20213,飯山市,18812
20214,茅野市,54066
20215,塩尻市,65205
20217,佐久市,97380
20218,千曲市,58845
20219,東御市,28958
20220,安曇野市,95868
20303,小海町,4196
20304,川上村,3631
20305,南牧村,2977
20306,南相木村,926
20307,北相木村,647
20309,佐久穂町,10179
20321,軽井沢町,21752
20323,御代田町,16770
20324,立科町,6674
20349,青木村,4086
20350,長和町,5514
20361,下諏訪町,18470
20362,富士見町,14107
20363,原村,8090
20382,辰野町,18009
20383,箕輪町,24387
20384,飯島町,8863
20385,南箕輪村,16051
20386,中川村,4620
20388,宮田村,8743
20402,松川町,12445
20403,高森町,12606
20404,阿南町,3931
20407,阿智村,5941
20409,平谷村,377
20410,根羽村,806
20411,下條村,3421
20412,売木村,472
20413,天龍村,1028
20414,泰阜村,1426
20415,喬木村,5888
20416,豊丘村,6501
20417,大鹿村,868
20422,上松町,3930
20423,南木曽町,3674
20425,木祖村,2516
20429,王滝村,640
20430,大桑村,3206
20432,木曽町,9817
20446,麻績村,2412
20448,生坂村,1615
20450,山形村,8486
20451,朝日村,4263
20452,筑北村,3976
20481,池田町,9114
20482,松川村,9648
20485,白馬村,9525
20486,小谷村,2811
20521,坂城町,13872
20541,小布施町,10987
20543,高山村,6413
20561,山ノ内町,11229
20562,木島平村,4237
20563,野沢温泉村,3582
20583,信濃町,7560
20588,小川村,2198
20590,飯綱町,10274
20602,栄村,1560
21201,岐阜市,399127
21202,大垣市,156912
21203,高山市,82486
21204,多治見市,105048
21205,関市,83930
21206,中津川市,73535
21207,美濃市,18991
21208,瑞浪市,35279
21209,羽島市,66517
21210,恵那市,46054
21211,美濃加茂市,57595
21212,土岐市,54243
21213,各務原市,144195
21214,可児市,99779
21215,山県市,24767
21216,瑞穂市,56343
21217,飛騨市,21674
21218,本巣市,32885
21219,郡上市,37728
21220,下呂市,28915
21221,海津市,31505
21302,岐南町,26366
21303,笠松町,21829
21341,養老町,25971
21361,垂井町,25746
21362,関ケ原町,6135
21381,神戸町,18210
21382,輪之内町,9086
21383,安八町,14456
21401,揖斐川町,18633
21403,大野町,21449
21404,池田町,22461
21421,北方町,18568
21501,坂祝町,8264
21502,富加町,5884
21503,川辺町,9761
21504,七宗町,3186
21505,八百津町,9861
21506,白川町,6914
21507,東白川村,2011
21521,御嵩町,17523
21604,白川村,1470
22100,静岡市,672775
22130,浜松市,783924
22203,沼津市,185758
22205,熱海市,33290
22206,三島市,104961
22207,富士宮市,126857
22208,伊東市,64438
22209,島田市,94747
22210,富士市,246491
22211,磐田市,165426
22212,焼津市,135294
22213,掛川市,115126
22214,藤枝市,139870
22215,御殿場市,83487
22216,袋井市,87941
22219,下田市,19282
22220,裾野市,48688
22221,湖西市,57216
22222,伊豆市,27748
22223,御前崎市,29715
22224,菊川市,47179
22225,伊豆の国市,45983
22226,牧之原市,42326
22301,東伊豆町,11093
22302,河津町,6398
22304,南伊豆町,7340
22305,松崎町,5658
22306,西伊豆町,6639
22325,函南町,36105
22341,清水町,31637
22342,長泉町,43705
22344,小山町,16975
22424,吉田町,28964
22429,川根本町,5700
22461,森町,16968
23100,名古屋市,2303004
23201,豊橋市,366089
23202,岡崎市,382656
23203,一宮市,376861
23204,瀬戸市,126274
23205,半田市,116209
23206,春日井市,305902
23207,豊川市,185900
23208,津島市,59566
23209,碧南市,72242
23210,刈谷市,152984
23211,豊田市,414750
23212,安城市,187665
23213,西尾市,169528
23214,蒲郡市,77535
23215,犬山市,71334
23216,常滑市,58662
23217,江南市,98124
23219,小牧市,149025
23220,稲沢市,132879
23221,新城市,42375
23222,東海市,113352
23223,大府市,93014
23224,知多市,83017
23225,知立市,72646
23226,尾張旭市,83782
23227,高浜市,49041
23228,岩倉市,47761
23229,豊明市,67902
23230,日進市,94207
23231,田原市,58270
23232,愛西市,60457
23233,清須市,68707
23234,北名古屋市,85843
23235,弥富市,43534
23236,みよし市,61408
23237,あま市,88393
23238,長久手市,61512
23302,東郷町,43928
23342,豊山町,15984
23361,大口町,24004
23362,扶桑町,35043
23424,大治町,33566
23425,蟹江町,36824
23427,飛島村,4713
23441,阿久比町,28083
23442,東浦町,50029
23445,南知多町,15506
23446,美浜町,20560
23447,武豊町,43399
23501,幸田町,42023
23561,設楽町,4051
23562,東栄町,2703
23563,豊根村,929
24201,津市,268388
24202,四日市市,306378
24203,伊勢市,118849
24204,松阪市,156026
24205,桑名市,137978
24207,鈴鹿市,194451
24208,名張市,74229
24209,尾鷲市,15524
24210,亀山市,49130
24211,鳥羽市,16424
24212,熊野市,14981
24214,いなべ市,44507
24215,志摩市,44110
24216,伊賀市,84603
24303,木曽岬町,5875
24324,東員町,25737
24341,菰野町,40758
24343,朝日町,11107
24344,川越町,15745
24441,多気町,13637
24442,明和町,22630
24443,大台町,8204
24461,玉城町,15035
24470,度会町,7556
24471,大紀町,7227
24472,南伊勢町,10489
24543,紀北町,13759
24561,御浜町,7809
24562,紀宝町,10120
25201,大津市,343600
25202,彦根市,110878
25203,長浜市,112294
25204,近江八幡市,81942
25206,草津市,140515
25207,守山市,85881
25208,栗東市,70412
25209,甲賀市,87729
25210,野洲市,50607
25211,湖南市,54065
25212,高島市,45190
25213,東近江市,111349
25214,米原市,36928
25383,日野町,20702
25384,竜王町,11239
25425,愛荘町,21042
25441,豊郷町,7117
25442,甲良町,6410
25443,多賀町,7346
26100,京都市,1373887
26201,福知山市,74540
26202,舞鶴市,75322
26203,綾部市,31072
26204,宇治市,179582
26205,宮津市,15966
26206,亀岡市,86209
26207,城陽市,73321
26208,向日市,56186
26209,長岡京市,82218
26210,八幡市,68598
26211,京田辺市,72011
26212,京丹後市,50042
26213,南丹市,29531
26214,木津川市,79339
26303,大山崎町,16633
26322,久御山町,15231
26343,井手町,6958
26344,宇治田原町,8688
26364,笠置町,1066
26365,和束町,3377
26366,精華町,36210
26367,南山城村,2379
26407,京丹波町,12384
26463,伊根町,1861
26465,与謝野町,19402
27100,大阪市,2778917
27140,堺市,811993
27202,岸和田市,186596
27203,豊中市,405955
27204,池田市,102636
27205,吹田市,384506
27206,泉大津市,72762
27207,高槻市,345589
27208,貝塚市,81420
27209,守口市,140923
27210,枚方市,392328
27211,茨木市,286042
27212,八尾市,259158
27213,泉佐野市,99318
27214,富田林市,105715
27215,寝屋川市,224378
27216,河内長野市,97912
27217,松原市,116259
27218,大東市,115687
27219,和泉市,182481
27220,箕面市,139527
27221,柏原市,66500
27222,羽曳野市,107406
27223,門真市,116179
27224,摂津市,86344
27225,高石市,55968
27226,藤井寺市,62304
27227,東大阪市,477700
27228,泉南市,58145
27229,四條畷市,53749
27230,交野市,77191
27231,大阪狭山市,57746
27232,阪南市,50080
27301,島本町,32247
27321,豊能町,17804
27322,能勢町,8940
27341,忠岡町,16317
27361,熊取町,42544
27362,田尻町,8484
27366,岬町,14295
27381,太子町,12673
27382,河南町,14556
27383,千早赤阪村,4687
28100,神戸市,1493543
28201,姫路市,523181
28202,尼崎市,457508
28203,明石市,307235
28204,西宮市,480818
28205,洲本市,40767
28206,芦屋市,94007
28207,伊丹市,200284
28208,相生市,27058
28209,豊岡市,75177
28210,加古川市,257203
28212,赤穂市,44179
28213,西脇市,37688
28214,宝塚市,227645
28215,三木市,73091
28216,高砂市,86511
28217,川西市,152914
28218,小野市,46825
28219,三田市,106482
28220,加西市,41455
28221,丹波篠山市,39095
28222,養父市,21005
28223,丹波市,60033
28224,南あわじ市,43732
28225,朝来市,27754
28226,淡路市,41364
28227,宍粟市,33749
28228,加東市,39413
28229,たつの市,72271
28301,猪名川町,28644
28365,多可町,18605
28381,稲美町,30491
28382,播磨町,34687
28442,市川町,10660
28443,福崎町,18573
28446,神河町,10144
28464,太子町,33414
28481,上郡町,13543
28501,佐用町,14727
28585,香美町,15303
28586,新温泉町,12829
29201,奈良市,347187
29202,大和高田市,61818
29203,大和郡山市,82598
29204,天理市,60686
29205,橿原市,118556
29206,桜井市,54272
29207,五條市,26900
29208,御所市,23144
29209,生駒市,116553
29210,香芝市,78324
29211,葛城市,37794
29212,宇陀市,26694
29322,山添村,3055
29342,平群町,18142
29343,三郷町,22349
29344,斑鳩町,28036
29345,安堵町,6975
29361,川西町,7986
29362,三宅町,6422
29363,田原本町,31379
29385,曽爾村,1270
29386,御杖村,1347
29401,高取町,6045
29402,明日香村,5049
29424,上牧町,21157
29425,王寺町,23694
29426,広陵町,35020
29427,河合町,16614
29441,吉野町,5834
29442,大淀町,15797
29443,下市町,4405
29444,黒滝村,589
29446,天川村,1194
29447,野迫川村,322
29449,十津川村,2757
29450,下北山村,796
29451,上北山村,421
29452,川上村,1188
29453,東吉野村,1498
30201,和歌山市,352941
30202,海南市,46492
30203,橋本市,58792
30204,有田市,25230
30205,御坊市,21074
30206,田辺市,67316
30207,新宮市,25822
30208,紀の川市,58920
30209,岩出市,53900
30304,紀美野町,7711
30341,かつらぎ町,15299
30343,九度山町,3760
30344,高野町,2605
30361,湯浅町,10731
30362,広川町,6403
30366,有田川町,24954
30381,美浜町,6324
30382,日高町,7953
30383,由良町,5035
30390,印南町,7636
30391,みなべ町,11516
30392,日高川町,8962
30401,白浜町,19753
30404,上富田町,15683
30406,すさみ町,3471
30421,那智勝浦町,13468
30422,太地町,2834
30424,古座川町,2302
30427,北山村,382
30428,串本町,13924
31201,鳥取市,179215
31202,米子市,144056
31203,倉吉市,43663
31204,境港市,32469
31302,岩美町,10769
31325,若桜町,2671
31328,智頭町,6129
31329,八頭町,15488
31364,三朝町,5788
31370,湯梨浜町,16219
31371,琴浦町,15784
31372,北栄町,14127
31384,日吉津村,3616
31386,大山町,14786
31389,南部町,10099
31390,伯耆町,10145
31401,日南町,3865
31402,日野町,2635
31403,江府町,2479
32201,松江市,194313
32202,浜田市,48576
32203,出雲市,172327
32204,益田市,42986
32205,大田市,31475
32206,安来市,35112
32207,江津市,21202
32209,雲南市,34426
32343,奥出雲町,11077
32386,飯南町,4355
32441,川本町,2982
32448,美郷町,4034
32449,邑南町,9467
32501,津和野町,6373
32505,吉賀町,5571
32525,海士町,2209
32526,西ノ島町,2495
32527,知夫村,574
32528,隠岐の島町,13036
33100,岡山市,695690
33202,倉敷市,473670
33203,津山市,95030
33204,玉野市,54130
33205,笠岡市,44030
33207,井原市,36670
33208,総社市,69625
33209,高梁市,26020
33210,新見市,25939
33211,備前市,30816
33212,瀬戸内市,36160
33213,赤磐市,42490
33214,真庭市,40778
33215,美作市,24886
33216,浅口市,32525
33346,和気町,12871
33423,早島町,12748
33445,里庄町,10883
33461,矢掛町,13101
33586,新庄村,793
33606,鏡野町,12017
33622,勝央町,10737
33623,奈義町,5515
33643,西粟倉村,1331
33663,久米南町,4290
33666,美咲町,12538
33681,吉備中央町,10195
34100,広島市,1173543
34202,呉市,201242
34203,竹原市,22557
34204,三原市,87075
34205,尾道市,126396
34207,福山市,455028
34208,府中市,35105
34209,三次市,47904
34210,庄原市,31198
34211,大竹市,25353
34212,東広島市,190911
34213,廿日市市,115451
34214,安芸高田市,26041
34215,江田島市,20690
34302,府中町,52074
34304,海田町,30810
34307,熊野町,23475
34309,坂町,12498
34368,安芸太田町,5367
34369,北広島町,16953
34431,大崎上島町,6779
34462,世羅町,14519
34545,神石高原町,7802
35201,下関市,243422
35202,宇部市,156438
35203,山口市,185982
35204,萩市,41637
35206,防府市,113144
35207,下松市,56637
35208,岩国市,124568
35210,光市,48015
35211,長門市,30207
35212,柳井市,29233
35213,美祢市,20921
35215,周南市,134733
35216,山陽小野田市,58871
35305,周防大島町,13537
35321,和木町,5695
35341,上関町,2190
35343,田布施町,14033
35344,平生町,10748
35502,阿武町,2945
36201,徳島市,244830
36202,鳴門市,53240
36203,小松島市,34604
36204,阿南市,67946
36205,吉野川市,37558
36206,阿波市,34188
36207,美馬市,26264
36208,三好市,22225
36301,勝浦町,4570
36302,上勝町,1337
36321,佐那河内村,2106
36341,石井町,24567
36342,神山町,4673
36368,那賀町,7060
36383,牟岐町,3424
36387,美波町,5711
36388,海陽町,8199
36401,松茂町,14356
36402,北島町,23682
36403,藍住町,35320
36404,板野町,12812
36405,上板町,11140
36468,つるぎ町,7392
36489,東みよし町,13205
37201,高松市,417660
37202,丸亀市,110803
37203,坂出市,49575
37204,善通寺市,29891
37205,観音寺市,56361
37206,さぬき市,44348
37207,東かがわ市,27353
37208,三豊市,60480
37322,土庄町,12384
37324,小豆島町,13057
37341,三木町,26877
37364,直島町,2896
37386,宇多津町,18305
37387,綾川町,22906
37403,琴平町,8140
37404,多度津町,21813
37406,まんのう町,17116
38201,松山市,496666
38202,今治市,147702
38203,宇和島市,66981
38204,八幡浜市,30019
38205,新居浜市,112724
38206,西条市,103413
38207,大洲市,39040
38210,伊予市,35173
38213,四国中央市,80965
38214,西予市,33721
38215,東温市,32959
38356,上島町,6085
38386,久万高原町,6889
38401,松前町,30195
38402,砥部町,20190
38422,内子町,14708
38442,伊方町,7764
38484,松野町,3484
38488,鬼北町,9108
38506,愛南町,18573
39201,高知市,312228
39202,室戸市,11273
39203,安芸市,15555
39204,南国市,45979
39205,土佐市,25646
39206,須崎市,19325
39208,宿毛市,18394
39209,土佐清水市,11591
39210,四万十市,31424
39211,香南市,32585
39212,香美市,24667
39301,東洋町,2059
39302,奈半利町,2858
39303,田野町,2419
39304,安田町,2269
39305,北川村,1177
39306,馬路村,762
39307,芸西村,3570
39341,本山町,3125
39344,大豊町,2961
39363,土佐町,3488
39364,大川村,355
39386,いの町,20829
39387,仁淀川町,4459
39401,中土佐町,5774
39402,佐川町,11805
39403,越知町,4811
39405,檮原町,3084
39410,日高村,4704
39411,津野町,5184
39412,四万十町,14945
39424,大月町,4348
39427,三原村,1355
39428,黒潮町,9855
40100,北九州市,913577
40130,福岡市,1608140
40202,大牟田市,104688
40203,久留米市,300199
40204,直方市,54838
40205,飯塚市,124118
40206,田川市,44839
40207,柳川市,61536
40210,八女市,59544
40211,筑後市,49134
40212,大川市,31147
40213,行橋市,72254
40214,豊前市,23322
40215,中間市,39014
40216,小郡市,59509
40217,筑紫野市,106375
40218,春日市,111919
40219,大野城市,103537
40220,宗像市,96869
40221,太宰府市,71566
40223,古賀市,59184
40224,福津市,69201
40225,うきは市,27382
40226,宮若市,26092
40227,嘉麻市,34143
40228,朝倉市,50024
40229,みやま市,34291
40230,糸島市,104175
40231,那珂川市,49435
40341,宇美町,36878
40342,篠栗町,31261
40343,志免町,46379
40344,須恵町,29307
40345,新宮町,32979
40348,久山町,9410
40349,粕屋町,48723
40381,芦屋町,12728
40382,水巻町,27531
40383,岡垣町,31460
40384,遠賀町,18900
40401,小竹町,6890
40402,鞍手町,14774
40421,桂川町,12738
40447,筑前町,30805
40448,東峰村,1762
40503,大刀洗町,16121
40522,大木町,13653
40544,広川町,19141
40601,香春町,9962
40602,添田町,8311
40604,糸田町,8269
40605,川崎町,14804
40608,大任町,5037
40609,赤村,2843
40610,福智町,20888
40621,苅田町,37553
40625,みやこ町,17710
40642,吉富町,6512
40646,上毛町,7142
40647,築上町,16434
41201,佐賀市,226481
41202,唐津市,113890
41203,鳥栖市,74529
41204,多久市,17604
41205,伊万里市,51664
41206,武雄市,46972
41207,鹿島市,27242
41208,小城市,44063
41209,嬉野市,24446
41210,神埼市,30185
41327,吉野ヶ里町,16162
41341,基山町,17565
41345,上峰町,9870
41346,みやき町,25773
41387,玄海町,4825
41401,有田町,18539
41423,大町町,5941
41424,江北町,9617
41425,白石町,21010
41441,太良町,7874
42201,長崎市,390551
42202,佐世保市,233507
42203,島原市,42044
42204,諫早市,133479
42205,大村市,99694
42207,平戸市,27908
42208,松浦市,20439
42209,対馬市,27102
42210,壱岐市,23736
42211,五島市,33739
42212,西海市,24973
42213,雲仙市,40724
42214,南島原市,40640
42307,長与町,39479
42308,時津町,29240
42321,東彼杵町,7348
42322,川棚町,12948
42323,波佐見町,14111
42383,小値賀町,2115
42391,佐々町,13912
42411,新上五島町,16682
43100,熊本市,731331
43202,八代市,120023
43203,人吉市,29742
43204,荒尾市,49036
43205,水俣市,21639
43206,玉名市,62582
43208,山鹿市,48002
43210,菊池市,46599
43211,宇土市,36143
43212,上天草市,23592
43213,宇城市,56356
43214,阿蘇市,24170
43215,天草市,71920
43216,合志市,65160
43348,美里町,8632
43364,玉東町,5158
43367,南関町,8657
43368,長洲町,15220
43369,和水町,9007
43403,大津町,36343
43404,菊陽町,43761
43423,南小国町,3804
43424,小国町,6295
43425,産山村,1361
43428,高森町,5823
43432,西原村,7074
43433,南阿蘇村,10026
43441,御船町,17270
43442,嘉島町,10254
43443,益城町,34107
43444,甲佐町,9948
43447,山都町,12887
43468,氷川町,10742
43482,芦北町,14877
43484,津奈木町,4107
43501,錦町,10033
43505,多良木町,8321
43506,湯前町,3445
43507,水上村,1933
43510,相良村,3961
43511,五木村,929
43512,山江村,3162
43513,球磨村,2648
43514,あさぎり町,14058
43531,苓北町,6222
44201,大分市,472898
44202,別府市,112115
44203,中津市,81524
44204,日田市,60207
44205,佐伯市,64450
44206,臼杵市,34895
44207,津久見市,14980
44208,竹田市,18917
44209,豊後高田市,21748
44210,杵築市,26153
44211,宇佐市,51972
44212,豊後大野市,31998
44213,由布市,33521
44214,国東市,25074
44322,姫島村,1711
44341,日出町,27829
44461,九重町,8302
44462,玖珠町,13808
45201,宮崎市,394504
45202,都城市,162574
45203,延岡市,113936
45204,日南市,48198
45205,小林市,42075
45206,日向市,57847
45207,串間市,16047
45208,西都市,28078
45209,えびの市,17067
45341,三股町,25684
45361,高原町,8393
45382,国富町,18243
45383,綾町,6785
45401,高鍋町,19275
45402,新富町,16480
45403,西米良村,991
45404,木城町,4710
45405,川南町,14617
45406,都農町,10018
45421,門川町,16989
45429,諸塚村,1406
45430,椎葉村,2406
45431,美郷町,4522
45441,高千穂町,10805
45442,日之影町,3419
45443,五ヶ瀬町,3278
46201,鹿児島市,591263
46203,鹿屋市,98626
46204,枕崎市,18898
46206,阿久根市,18147
46208,出水市,51405
46210,指宿市,37207
46213,西之表市,14095
46214,垂水市,12973
46215,薩摩川内市,90536
46216,日置市,46134
46217,曽於市,32185
46218,霧島市,123070
46219,いちき串木野市,25808
46220,南さつま市,31094
46221,志布志市,28693
46222,奄美市,40239
46223,南九州市,31457
46224,伊佐市,22748
46225,姶良市,78123
46303,三島村,344
46304,十島村,673
46392,さつま町,18696
46404,長島町,9399
46452,湧水町,8294
46468,大崎町,11914
46482,東串良町,6361
46490,錦江町,6165
46491,南大隅町,5912
46492,肝付町,13587
46501,中種子町,7102
46502,南種子町,5196
46505,屋久島町,11326
46523,大和村,1384
46524,宇検村,1604
46525,瀬戸内町,8084
46527,龍郷町,6014
46529,喜界町,6307
46530,徳之島町,9844
46531,天城町,5461
46532,伊仙町,6132
46533,和泊町,5975
46534,知名町,5383
46535,与論町,5062
47201,那覇市,313424
47205,宜野湾市,100443
47207,石垣市,49830
47208,浦添市,115486
47209,名護市,64734
47210,糸満市,62250
47211,沖縄市,141739
47212,豊見城市,65889
47213,うるま市,126948
47214,宮古島市,55656
47215,南城市,46929
47301,国頭村,4459
47302,大宜味村,2910
47303,東村,1701
47306,今帰仁村,9183
47308,本部町,12899
47311,恩納村,11316
47313,宜野座村,6500
47314,金武町,11481
47315,伊江村,4268
47324,読谷村,42289
47325,嘉手納町,12909
47326,北谷町,29259
47327,北中城村,17951
47328,中城村,22683
47329,西原町,35659
47348,与那原町,19920
47350,南風原町,41330
47353,渡嘉敷村,665
47354,座間味村,873
47355,粟国村,676
47356,渡名喜村,291
47357,南大東村,1227
47358,北大東村,544
47359,伊平屋村,1191
47360,伊是名村,1237
47361,久米島町,7140
47362,八重瀬町,33255
47375,多良間村,1040
47381,竹富町,4208
47382,与那国町,1689
